Wall time,Step,Value
1709787136.023105,0,0.0
1709787142.6525025,1,0.0
1709787148.2811248,2,0.0
1709787154.236762,3,0.0
1709787159.7645962,4,0.0
1709787165.515619,5,0.0
